scan_tag,strategy,asset,asset_tag,data_name,selection_mode,metric_key,grid_config,best_params_path,robust_ranking_path,grid_search_dir,best_runs_dir,is_run_dir,is_true_pd_ratio,is_open_pnl_pd_ratio,is_activity_pct,is_final_value,is_return_pct,is_bankrupt,oos_run_dir,oos_true_pd_ratio,oos_open_pnl_pd_ratio,oos_activity_pct,oos_final_value,oos_return_pct,oos_bankrupt,full_run_dir,full_true_pd_ratio,full_open_pnl_pd_ratio,full_activity_pct,full_final_value,full_return_pct,full_bankrupt,is_oos_gap,part2_data_dir,part2_run_dir,part2_true_pd_ratio,part2_open_pnl_pd_ratio,part2_activity_pct,part2_final_value,part2_return_pct,part2_bankrupt
cross_asset_scan_v1,garch,01,asset01,series_1,robust,true_pd_ratio,configs\grids\single_strat\garch\refined\refined_v1.json,output\cross_asset_scan_v1\garch\asset01\grid_search\best_params.json,output\cross_asset_scan_v1\garch\asset01\grid_search\robust_selection\robust_ranking.csv,output\cross_asset_scan_v1\garch\asset01\grid_search,output\cross_asset_scan_v1\garch\asset01\best_runs,output\cross_asset_scan_v1\garch\asset01\best_runs\run_20260314_70-30,-0.09815351838476155,0.015285975376098994,9.714285714285714,993337.444,-0.6662555999999986,False,output\cross_asset_scan_v1\garch\asset01\best_runs\run_20260314_30-oos,0.2720580649950188,0.38109526864957866,12.0,1009177.548,0.9177548000000035,False,output\cross_asset_scan_v1\garch\asset01\best_runs\run_20260314_100-full,-0.12409108654292247,-0.0012683416468866958,7.6,989874.862,-1.0125138000000034,False,0.37021158337978033,DATA\PART2,output\cross_asset_scan_v1\garch\asset01\part2_validation\run_20260314_100-full,-0.08771687927877812,0.10824652788906541,4.9,992078.3159999999,-0.7921684000000151,False
cross_asset_scan_v1,garch,02,asset02,series_2,robust,true_pd_ratio,configs\grids\single_strat\garch\refined\refined_v1.json,output\cross_asset_scan_v1\garch\asset02\grid_search\best_params.json,output\cross_asset_scan_v1\garch\asset02\grid_search\robust_selection\robust_ranking.csv,output\cross_asset_scan_v1\garch\asset02\grid_search,output\cross_asset_scan_v1\garch\asset02\best_runs,output\cross_asset_scan_v1\garch\asset02\best_runs\run_20260314_70-30,-0.6716982690481053,-0.6499200999774641,9.0,930061.5000000002,-6.993849999999979,False,output\cross_asset_scan_v1\garch\asset02\best_runs\run_20260314_30-oos,0.13702761680419537,0.23825646406846912,5.016722408026756,1004740.95,0.4740949999999966,False,output\cross_asset_scan_v1\garch\asset02\best_runs\run_20260314_100-full,-0.2542420038169884,-0.14254226993985228,8.208208208208209,972677.4000000001,-2.7322599999999864,False,0.8087258858523007,DATA\PART2,output\cross_asset_scan_v1\garch\asset02\part2_validation\run_20260314_100-full,0.07293272309980918,0.8891925961179785,2.9,1004606.15,0.46061500000000866,False
cross_asset_scan_v1,garch,03,asset03,series_3,robust,true_pd_ratio,configs\grids\single_strat\garch\refined\refined_v1.json,output\cross_asset_scan_v1\garch\asset03\grid_search\best_params.json,output\cross_asset_scan_v1\garch\asset03\grid_search\robust_selection\robust_ranking.csv,output\cross_asset_scan_v1\garch\asset03\grid_search,output\cross_asset_scan_v1\garch\asset03\best_runs,output\cross_asset_scan_v1\garch\asset03\best_runs\run_20260314_70-30,1.1233845849288142,1.9952699455026512,8.857142857142858,1016800.3886599998,1.6800388659999888,False,output\cross_asset_scan_v1\garch\asset03\best_runs\run_20260314_30-oos,-0.9311685209014546,-0.8193954691012364,4.0,986992.0244000001,-1.3007975599999888,False,output\cross_asset_scan_v1\garch\asset03\best_runs\run_20260314_100-full,-0.09260780171867947,0.41626558519871204,8.4,997169.8253199997,-0.28301746800002414,False,2.054553105830269,DATA\PART2,output\cross_asset_scan_v1\garch\asset03\part2_validation\run_20260314_100-full,2.4632447085592886,2.428579239159683,12.612612612612613,1050961.5078600002,5.096150786000031,False
cross_asset_scan_v1,garch,04,asset04,series_4,robust,true_pd_ratio,configs\grids\single_strat\garch\refined\refined_v1.json,output\cross_asset_scan_v1\garch\asset04\grid_search\best_params.json,output\cross_asset_scan_v1\garch\asset04\grid_search\robust_selection\robust_ranking.csv,output\cross_asset_scan_v1\garch\asset04\grid_search,output\cross_asset_scan_v1\garch\asset04\best_runs,output\cross_asset_scan_v1\garch\asset04\best_runs\run_20260314_70-30,1.167641810268997,1.4282182296296186,8.857142857142858,1090624.798,9.06247979999999,False,output\cross_asset_scan_v1\garch\asset04\best_runs\run_20260314_30-oos,1.9021372481205416,2.5503448519818965,18.333333333333332,1077602.996,7.760299599999998,False,output\cross_asset_scan_v1\garch\asset04\best_runs\run_20260314_100-full,2.3301780413893334,2.8609031173967234,11.7,1180853.3340000003,18.085333400000025,False,0.7344954378515447,DATA\PART2,output\cross_asset_scan_v1\garch\asset04\part2_validation\run_20260314_100-full,0.3140977032227782,0.47057852138218437,16.3,1038902.1959999996,3.8902195999999556,False
cross_asset_scan_v1,garch,05,asset05,series_5,robust,true_pd_ratio,configs\grids\single_strat\garch\refined\refined_v1.json,output\cross_asset_scan_v1\garch\asset05\grid_search\best_params.json,output\cross_asset_scan_v1\garch\asset05\grid_search\robust_selection\robust_ranking.csv,output\cross_asset_scan_v1\garch\asset05\grid_search,output\cross_asset_scan_v1\garch\asset05\best_runs,output\cross_asset_scan_v1\garch\asset05\best_runs\run_20260314_70-30,0.6925721371398703,1.154837653168027,7.428571428571429,1013753.2,1.375320000000002,False,output\cross_asset_scan_v1\garch\asset05\best_runs\run_20260314_30-oos,2.8394132753994232,2.6414698708985096,12.333333333333334,1039470.3999999999,3.9470399999999906,False,output\cross_asset_scan_v1\garch\asset05\best_runs\run_20260314_100-full,3.0966535247898883,4.032007756003918,10.6,1061493.8039999998,6.149380399999971,False,2.146841138259553,DATA\PART2,output\cross_asset_scan_v1\garch\asset05\part2_validation\run_20260314_100-full,-0.9103284807429287,-0.8839202989590003,9.8,921038.5499999999,-7.8961450000000095,False
cross_asset_scan_v1,garch,06,asset06,series_6,robust,true_pd_ratio,configs\grids\single_strat\garch\refined\refined_v1.json,output\cross_asset_scan_v1\garch\asset06\grid_search\best_params.json,output\cross_asset_scan_v1\garch\asset06\grid_search\robust_selection\robust_ranking.csv,output\cross_asset_scan_v1\garch\asset06\grid_search,output\cross_asset_scan_v1\garch\asset06\best_runs,output\cross_asset_scan_v1\garch\asset06\best_runs\run_20260314_70-30,-0.9116605637193167,-0.8707400703693089,5.86552217453505,928007.8710000007,-7.19921289999993,False,output\cross_asset_scan_v1\garch\asset06\best_runs\run_20260314_30-oos,-0.46857142857143325,-0.4571428571428581,1.6666666666666667,992286.014,-0.7713986000000062,False,output\cross_asset_scan_v1\garch\asset06\best_runs\run_20260314_100-full,-0.6500196280212188,-0.615311560967948,5.5,947875.6222000004,-5.212437779999957,False,0.44308913514788345,DATA\PART2,output\cross_asset_scan_v1\garch\asset06\part2_validation\run_20260314_100-full,-0.7305278542495113,-0.706545384862198,11.1,879344.9481999996,-12.065505180000036,False
cross_asset_scan_v1,garch,07,asset07,series_7,robust,true_pd_ratio,configs\grids\single_strat\garch\refined\refined_v1.json,output\cross_asset_scan_v1\garch\asset07\grid_search\best_params.json,output\cross_asset_scan_v1\garch\asset07\grid_search\robust_selection\robust_ranking.csv,output\cross_asset_scan_v1\garch\asset07\grid_search,output\cross_asset_scan_v1\garch\asset07\best_runs,output\cross_asset_scan_v1\garch\asset07\best_runs\run_20260314_70-30,0.6118786972706464,2.0447625951168678,5.428571428571429,1003531.2453592601,0.35312453592601933,False,output\cross_asset_scan_v1\garch\asset07\best_runs\run_20260314_30-oos,-0.5051212992931613,-0.36217135166665376,4.0,998811.12409464,-0.11888759053599873,False,output\cross_asset_scan_v1\garch\asset07\best_runs\run_20260314_100-full,0.6118786972706464,2.0447625951168678,3.8,1003531.2453592601,0.35312453592601933,False,1.1169999965638078,DATA\PART2,output\cross_asset_scan_v1\garch\asset07\part2_validation\run_20260314_100-full,-0.6418936863868218,-0.5780991525373661,9.4,989246.6744887998,-1.075332551120023,False
cross_asset_scan_v1,garch,08,asset08,series_8,robust,true_pd_ratio,configs\grids\single_strat\garch\refined\refined_v1.json,output\cross_asset_scan_v1\garch\asset08\grid_search\best_params.json,output\cross_asset_scan_v1\garch\asset08\grid_search\robust_selection\robust_ranking.csv,output\cross_asset_scan_v1\garch\asset08\grid_search,output\cross_asset_scan_v1\garch\asset08\best_runs,output\cross_asset_scan_v1\garch\asset08\best_runs\run_20260314_70-30,-0.048117356107891536,0.42364644717060423,9.285714285714286,998562.7443247997,-0.14372556752002552,False,output\cross_asset_scan_v1\garch\asset08\best_runs\run_20260314_30-oos,-0.38056983156669894,-0.12719515829989048,9.666666666666666,994876.66217,-0.5123337829999963,False,output\cross_asset_scan_v1\garch\asset08\best_runs\run_20260314_100-full,-0.32965342602402387,0.07023391874639699,10.0,986558.7325961996,-1.344126740380036,False,0.3324524754588074,DATA\PART2,output\cross_asset_scan_v1\garch\asset08\part2_validation\run_20260314_100-full,-0.66130735293252,-0.5963044723502529,13.8,957153.1360728004,-4.28468639271996,False
cross_asset_scan_v1,garch,09,asset09,series_9,robust,true_pd_ratio,configs\grids\single_strat\garch\refined\refined_v1.json,output\cross_asset_scan_v1\garch\asset09\grid_search\best_params.json,output\cross_asset_scan_v1\garch\asset09\grid_search\robust_selection\robust_ranking.csv,output\cross_asset_scan_v1\garch\asset09\grid_search,output\cross_asset_scan_v1\garch\asset09\best_runs,output\cross_asset_scan_v1\garch\asset09\best_runs\run_20260314_70-30,-0.1486515379956117,-0.049618434553210126,6.714285714285714,996394.2638000001,-0.36057361999999316,False,output\cross_asset_scan_v1\garch\asset09\best_runs\run_20260314_30-oos,1.5070990058512854,1.3665440675042404,23.0,1032100.92124,3.210092124000008,False,output\cross_asset_scan_v1\garch\asset09\best_runs\run_20260314_100-full,-0.11007219216652728,0.05548792371575965,7.2,997330.0559600001,-0.2669944039999872,False,1.6557505438468971,DATA\PART2,output\cross_asset_scan_v1\garch\asset09\part2_validation\run_20260314_100-full,1.0070136191273977,1.3073583104545596,21.4,1076303.0025499996,7.6303002549999555,False
cross_asset_scan_v1,garch,10,asset10,series_10,robust,true_pd_ratio,configs\grids\single_strat\garch\refined\refined_v1.json,output\cross_asset_scan_v1\garch\asset10\grid_search\best_params.json,output\cross_asset_scan_v1\garch\asset10\grid_search\robust_selection\robust_ranking.csv,output\cross_asset_scan_v1\garch\asset10\grid_search,output\cross_asset_scan_v1\garch\asset10\best_runs,output\cross_asset_scan_v1\garch\asset10\best_runs\run_20260314_70-30,-0.5859698439352088,-0.5257807528414812,8.714285714285714,944113.7999999999,-5.588620000000011,False,output\cross_asset_scan_v1\garch\asset10\best_runs\run_20260314_30-oos,-0.955839492911261,-0.9835437403343567,11.0,941671.9500000002,-5.832804999999985,False,output\cross_asset_scan_v1\garch\asset10\best_runs\run_20260314_100-full,-0.8485147064904817,-0.8203958964866397,9.7,863548.9499999997,-13.645105000000024,False,0.36986964897605223,DATA\PART2,output\cross_asset_scan_v1\garch\asset10\part2_validation\run_20260314_100-full,-0.2156530538265173,-0.0787046900966795,9.6,983312.9499999998,-1.6687050000000148,False
cross_asset_scan_v1,mr,01,asset01,series_1,robust,true_pd_ratio,configs\grids\single_strat\mr\refined\refined_v1.json,output\cross_asset_scan_v1\mr\asset01\grid_search\best_params.json,output\cross_asset_scan_v1\mr\asset01\grid_search\robust_selection\robust_ranking.csv,output\cross_asset_scan_v1\mr\asset01\grid_search,output\cross_asset_scan_v1\mr\asset01\best_runs,output\cross_asset_scan_v1\mr\asset01\best_runs\run_20260314_70-30,6.818844614623567,5.880016353581656,5.714285714285714,1079011.7800000003,7.901178000000031,False,output\cross_asset_scan_v1\mr\asset01\best_runs\run_20260314_30-oos,-0.19318309379197135,-0.11155779629530213,5.333333333333333,996916.056,-0.3083944000000005,False,output\cross_asset_scan_v1\mr\asset01\best_runs\run_20260314_100-full,4.041757344823954,4.193532611344977,5.6,1075684.2020000003,7.568420200000037,False,7.012027708415538,DATA\PART2,output\cross_asset_scan_v1\mr\asset01\part2_validation\run_20260314_100-full,-0.693755972848626,-0.45251459497490326,5.5,927955.4770193918,-7.204452298060815,False
cross_asset_scan_v1,mr,02,asset02,series_2,robust,true_pd_ratio,configs\grids\single_strat\mr\refined\refined_v1.json,output\cross_asset_scan_v1\mr\asset02\grid_search\best_params.json,output\cross_asset_scan_v1\mr\asset02\grid_search\robust_selection\robust_ranking.csv,output\cross_asset_scan_v1\mr\asset02\grid_search,output\cross_asset_scan_v1\mr\asset02\best_runs,output\cross_asset_scan_v1\mr\asset02\best_runs\run_20260314_70-30,1.0725683245124018,3.2295303168199374,20.285714285714285,1109492.0790826955,10.949207908269543,False,output\cross_asset_scan_v1\mr\asset02\best_runs\run_20260314_30-oos,-0.3776168574222849,0.24386929066565377,17.666666666666668,972287.5172080849,-2.771248279191507,False,output\cross_asset_scan_v1\mr\asset02\best_runs\run_20260314_100-full,0.7330437749606751,3.3654952886787926,20.3,1074832.0504575407,7.48320504575406,False,1.4501851819346867,DATA\PART2,output\cross_asset_scan_v1\mr\asset02\part2_validation\run_20260314_100-full,1.0840321801931407,4.294599569763584,19.2,1085610.9711279827,8.561097112798265,False
cross_asset_scan_v1,mr,03,asset03,series_3,robust,true_pd_ratio,configs\grids\single_strat\mr\refined\refined_v1.json,output\cross_asset_scan_v1\mr\asset03\grid_search\best_params.json,output\cross_asset_scan_v1\mr\asset03\grid_search\robust_selection\robust_ranking.csv,output\cross_asset_scan_v1\mr\asset03\grid_search,output\cross_asset_scan_v1\mr\asset03\best_runs,output\cross_asset_scan_v1\mr\asset03\best_runs\run_20260314_70-30,2.2272727272727195,,0.8571428571428571,1006006.8071,0.60068070999999,False,output\cross_asset_scan_v1\mr\asset03\best_runs\run_20260314_30-oos,0.38986122709890936,1.4544267559391344,3.6666666666666665,1003063.2821400001,0.30632821400000676,False,output\cross_asset_scan_v1\mr\asset03\best_runs\run_20260314_100-full,2.5885665569267924,5.6022406458066225,2.5,1020696.8653200001,2.0696865320000146,False,1.8374115001738103,DATA\PART2,output\cross_asset_scan_v1\mr\asset03\part2_validation\run_20260314_100-full,0.6351779174703586,0.8569476890727322,1.6,1003249.9619400001,0.32499619400001567,False
cross_asset_scan_v1,mr,04,asset04,series_4,robust,true_pd_ratio,configs\grids\single_strat\mr\refined\refined_v1.json,output\cross_asset_scan_v1\mr\asset04\grid_search\best_params.json,output\cross_asset_scan_v1\mr\asset04\grid_search\robust_selection\robust_ranking.csv,output\cross_asset_scan_v1\mr\asset04\grid_search,output\cross_asset_scan_v1\mr\asset04\best_runs,output\cross_asset_scan_v1\mr\asset04\best_runs\run_20260314_70-30,-0.12023370299667799,0.19820832874109653,4.577968526466381,995185.4908277176,-0.4814509172282433,False,output\cross_asset_scan_v1\mr\asset04\best_runs\run_20260314_30-oos,-0.11611785095319364,1.2352941176470686,1.6666666666666667,998463.2880000002,-0.1536711999999829,False,output\cross_asset_scan_v1\mr\asset04\best_runs\run_20260314_100-full,-0.3947671820907075,-0.04995138782173203,4.7,969613.2267514401,-3.0386773248559873,False,0.004115852043484344,DATA\PART2,output\cross_asset_scan_v1\mr\asset04\part2_validation\run_20260314_100-full,0.10891965335519584,1.5163917101546804,7.7,1007719.2004793466,0.7719200479346489,False
cross_asset_scan_v1,mr,05,asset05,series_5,robust,true_pd_ratio,configs\grids\single_strat\mr\refined\refined_v1.json,output\cross_asset_scan_v1\mr\asset05\grid_search\best_params.json,output\cross_asset_scan_v1\mr\asset05\grid_search\robust_selection\robust_ranking.csv,output\cross_asset_scan_v1\mr\asset05\grid_search,output\cross_asset_scan_v1\mr\asset05\best_runs,output\cross_asset_scan_v1\mr\asset05\best_runs\run_20260314_70-30,-0.2562166389954153,0.5564198215824019,5.571428571428571,994088.5882824138,-0.5911411717586246,False,output\cross_asset_scan_v1\mr\asset05\best_runs\run_20260314_30-oos,0.057304999209901154,0.388923088542182,6.0200668896321075,1001994.810597894,0.199481059789397,False,output\cross_asset_scan_v1\mr\asset05\best_runs\run_20260314_100-full,-0.09241438250096641,0.7168114287311477,5.7057057057057055,996074.7671827746,-0.39252328172253437,False,0.3135216382053165,DATA\PART2,output\cross_asset_scan_v1\mr\asset05\part2_validation\run_20260314_100-full,-0.9863886478372313,-0.9526629062162315,7.6,929174.0402019691,-7.082595979803086,False
cross_asset_scan_v1,mr,06,asset06,series_6,robust,true_pd_ratio,configs\grids\single_strat\mr\refined\refined_v1.json,output\cross_asset_scan_v1\mr\asset06\grid_search\best_params.json,output\cross_asset_scan_v1\mr\asset06\grid_search\robust_selection\robust_ranking.csv,output\cross_asset_scan_v1\mr\asset06\grid_search,output\cross_asset_scan_v1\mr\asset06\best_runs,output\cross_asset_scan_v1\mr\asset06\best_runs\run_20260314_70-30,5.723270928481275,5.32936088651369,11.301859799713878,1112609.6845999998,11.260968459999976,False,output\cross_asset_scan_v1\mr\asset06\best_runs\run_20260314_30-oos,2.9665932810316233,5.578461576685097,8.666666666666666,1054084.3084515764,5.40843084515763,False,output\cross_asset_scan_v1\mr\asset06\best_runs\run_20260314_100-full,8.969664573314862,8.975420332824113,12.2,1183623.1214171452,18.362312141714533,False,2.756677647449652,DATA\PART2,output\cross_asset_scan_v1\mr\asset06\part2_validation\run_20260314_100-full,-0.5799008431516425,-0.21225385929433171,11.911911911911911,948093.7062790659,-5.190629372093403,False
cross_asset_scan_v1,mr,07,asset07,series_7,robust,true_pd_ratio,configs\grids\single_strat\mr\refined\refined_v1.json,output\cross_asset_scan_v1\mr\asset07\grid_search\best_params.json,output\cross_asset_scan_v1\mr\asset07\grid_search\robust_selection\robust_ranking.csv,output\cross_asset_scan_v1\mr\asset07\grid_search,output\cross_asset_scan_v1\mr\asset07\best_runs,output\cross_asset_scan_v1\mr\asset07\best_runs\run_20260314_70-30,-0.3219669014967237,0.29048603798623424,4.571428571428571,998645.9540656199,-0.13540459343801547,False,output\cross_asset_scan_v1\mr\asset07\best_runs\run_20260314_30-oos,-0.45075172266392427,-0.4813923971126193,2.6666666666666665,997966.41969084,-0.20335803091600102,False,output\cross_asset_scan_v1\mr\asset07\best_runs\run_20260314_100-full,-0.5745604824987426,-0.18906189381178679,4.0,996615.25795284,-0.3384742047159994,False,0.12878482116720058,DATA\PART2,output\cross_asset_scan_v1\mr\asset07\part2_validation\run_20260314_100-full,-0.4457556006227282,0.041252560403251204,4.9,996641.536332914,-0.33584636670860313,False
cross_asset_scan_v1,mr,08,asset08,series_8,robust,true_pd_ratio,configs\grids\single_strat\mr\refined\refined_v1.json,output\cross_asset_scan_v1\mr\asset08\grid_search\best_params.json,output\cross_asset_scan_v1\mr\asset08\grid_search\robust_selection\robust_ranking.csv,output\cross_asset_scan_v1\mr\asset08\grid_search,output\cross_asset_scan_v1\mr\asset08\best_runs,output\cross_asset_scan_v1\mr\asset08\best_runs\run_20260314_70-30,0.5206318645273041,0.7977982321250793,1.4285714285714286,1004332.4572952,0.4332457295199932,False,output\cross_asset_scan_v1\mr\asset08\best_runs\run_20260314_30-oos,,,0.0,1000000.0,0.0,False,output\cross_asset_scan_v1\mr\asset08\best_runs\run_20260314_100-full,0.5206318645273041,0.7977982321250793,1.0,1004332.4572952,0.4332457295199932,False,0.5206318645273041,DATA\PART2,output\cross_asset_scan_v1\mr\asset08\part2_validation\run_20260314_100-full,-1.0,-0.7833333333333333,0.5,989960.8424895705,-1.0039157510429497,False
cross_asset_scan_v1,mr,09,asset09,series_9,robust,true_pd_ratio,configs\grids\single_strat\mr\refined\refined_v1.json,output\cross_asset_scan_v1\mr\asset09\grid_search\best_params.json,output\cross_asset_scan_v1\mr\asset09\grid_search\robust_selection\robust_ranking.csv,output\cross_asset_scan_v1\mr\asset09\grid_search,output\cross_asset_scan_v1\mr\asset09\best_runs,output\cross_asset_scan_v1\mr\asset09\best_runs\run_20260314_70-30,2.8669951602442523,3.856697075377702,4.0,1039749.6358800002,3.9749635880000245,False,output\cross_asset_scan_v1\mr\asset09\best_runs\run_20260314_30-oos,2.351005628774999,2.6500414470000164,6.688963210702341,1021162.6533400003,2.1162653340000226,False,output\cross_asset_scan_v1\mr\asset09\best_runs\run_20260314_100-full,4.454026451738292,6.399206730013308,4.804804804804805,1061753.13168,6.175313168000018,False,0.5159895314692533,DATA\PART2,output\cross_asset_scan_v1\mr\asset09\part2_validation\run_20260314_100-full,-0.12612312201629103,0.5343199787207067,1.8,995541.2506018733,-0.4458749398126738,False
cross_asset_scan_v1,mr,10,asset10,series_10,robust,true_pd_ratio,configs\grids\single_strat\mr\refined\refined_v1.json,output\cross_asset_scan_v1\mr\asset10\grid_search\best_params.json,output\cross_asset_scan_v1\mr\asset10\grid_search\robust_selection\robust_ranking.csv,output\cross_asset_scan_v1\mr\asset10\grid_search,output\cross_asset_scan_v1\mr\asset10\best_runs,output\cross_asset_scan_v1\mr\asset10\best_runs\run_20260314_70-30,3.4628072476440233,3.421632420091324,5.714285714285714,1071285.3499999999,7.128534999999991,False,output\cross_asset_scan_v1\mr\asset10\best_runs\run_20260314_30-oos,1.2131497633668438,1.555475156777617,5.333333333333333,1015508.3,1.550830000000003,False,output\cross_asset_scan_v1\mr\asset10\best_runs\run_20260314_100-full,4.270006314971333,4.368207762557078,5.6,1087902.3499999999,8.79023499999998,False,2.2496574842771793,DATA\PART2,output\cross_asset_scan_v1\mr\asset10\part2_validation\run_20260314_100-full,-0.8983119392407296,-0.8492423659718483,3.9,910043.417005035,-8.995658299496501,False
cross_asset_scan_v1,tf,01,asset01,series_1,robust,true_pd_ratio,configs\grids\single_strat\tf\refined\refined_v1.json,output\cross_asset_scan_v1\tf\asset01\grid_search\best_params.json,output\cross_asset_scan_v1\tf\asset01\grid_search\robust_selection\robust_ranking.csv,output\cross_asset_scan_v1\tf\asset01\grid_search,output\cross_asset_scan_v1\tf\asset01\best_runs,output\cross_asset_scan_v1\tf\asset01\best_runs\run_20260313_70-30,4.528069068085392,4.852513837638374,77.39628040057225,5181953.611395658,418.19536113956576,False,output\cross_asset_scan_v1\tf\asset01\best_runs\run_20260313_30-oos,0.7037229609654372,1.354838709677417,5.666666666666667,1009346.572298254,0.9346572298253975,False,output\cross_asset_scan_v1\tf\asset01\best_runs\run_20260313_100-full,2.7616578348846286,2.9370073198198097,83.88388388388388,5119713.547395656,411.9713547395656,False,3.824346107119955,DATA\PART2,output\cross_asset_scan_v1\tf\asset01\part2_validation\run_20260314_100-full,0.8958936977560925,0.9913073790966249,49.549549549549546,2667396.067482047,166.73960674820466,False
cross_asset_scan_v1,tf,02,asset02,series_2,robust,true_pd_ratio,configs\grids\single_strat\tf\refined\refined_v1.json,output\cross_asset_scan_v1\tf\asset02\grid_search\best_params.json,output\cross_asset_scan_v1\tf\asset02\grid_search\robust_selection\robust_ranking.csv,output\cross_asset_scan_v1\tf\asset02\grid_search,output\cross_asset_scan_v1\tf\asset02\best_runs,output\cross_asset_scan_v1\tf\asset02\best_runs\run_20260313_70-30,2.8199962464633015,3.1094890510948905,58.22603719599428,1130971.9056707416,13.097190567074168,False,output\cross_asset_scan_v1\tf\asset02\best_runs\run_20260313_30-oos,-0.7351170245666467,-0.6857142857142857,8.695652173913043,948232.5294177015,-5.1767470582298465,False,output\cross_asset_scan_v1\tf\asset02\best_runs\run_20260313_100-full,1.1908648975193814,1.3574144486692015,70.47047047047047,1105086.2056707414,10.508620567074134,False,3.5551132710299482,DATA\PART2,output\cross_asset_scan_v1\tf\asset02\part2_validation\run_20260314_100-full,-0.6399663391494014,-0.5078512396694215,70.15558698727015,-3503.3485229033977,-100.35033485229035,True
cross_asset_scan_v1,tf,03,asset03,series_3,robust,true_pd_ratio,configs\grids\single_strat\tf\refined\refined_v1.json,output\cross_asset_scan_v1\tf\asset03\grid_search\best_params.json,output\cross_asset_scan_v1\tf\asset03\grid_search\robust_selection\robust_ranking.csv,output\cross_asset_scan_v1\tf\asset03\grid_search,output\cross_asset_scan_v1\tf\asset03\best_runs,output\cross_asset_scan_v1\tf\asset03\best_runs\run_20260313_70-30,1.868821974174349,2.2066814304814506,62.285714285714285,1090089.2289527385,9.008922895273841,False,output\cross_asset_scan_v1\tf\asset03\best_runs\run_20260313_30-oos,-0.16431722179647656,0.43437484799674186,22.073578595317727,996138.5453365034,-0.3861454663496633,False,output\cross_asset_scan_v1\tf\asset03\best_runs\run_20260313_100-full,1.5731226831606184,2.372228577051851,67.56756756756756,1245012.8964096792,24.501289640967915,False,2.0331391959708256,DATA\PART2,output\cross_asset_scan_v1\tf\asset03\part2_validation\run_20260314_100-full,-0.41586868994399073,0.7444199813306497,21.72172172172172,983360.3947988627,-1.6639605201137275,False
cross_asset_scan_v1,tf,04,asset04,series_4,robust,true_pd_ratio,configs\grids\single_strat\tf\refined\refined_v1.json,output\cross_asset_scan_v1\tf\asset04\grid_search\best_params.json,output\cross_asset_scan_v1\tf\asset04\grid_search\robust_selection\robust_ranking.csv,output\cross_asset_scan_v1\tf\asset04\grid_search,output\cross_asset_scan_v1\tf\asset04\best_runs,output\cross_asset_scan_v1\tf\asset04\best_runs\run_20260313_70-30,1.7403565307968072,3.54141352900616,6.0,1038067.9844369941,3.8067984436993996,False,output\cross_asset_scan_v1\tf\asset04\best_runs\run_20260313_30-oos,-0.1722018272877921,0.06217616580310905,20.066889632107024,969811.890032463,-3.018810996753696,False,output\cross_asset_scan_v1\tf\asset04\best_runs\run_20260313_100-full,0.03697727338778082,0.44775219819662654,10.21021021021021,1006729.4022802042,0.6729402280204244,False,1.9125583580845993,DATA\PART2,output\cross_asset_scan_v1\tf\asset04\part2_validation\run_20260314_100-full,-0.8180665706264395,-0.7474328038413317,24.96513249651325,95334.03142738063,-90.46659685726193,True
cross_asset_scan_v1,tf,05,asset05,series_5,robust,true_pd_ratio,configs\grids\single_strat\tf\refined\refined_v1.json,output\cross_asset_scan_v1\tf\asset05\grid_search\best_params.json,output\cross_asset_scan_v1\tf\asset05\grid_search\robust_selection\robust_ranking.csv,output\cross_asset_scan_v1\tf\asset05\grid_search,output\cross_asset_scan_v1\tf\asset05\best_runs,output\cross_asset_scan_v1\tf\asset05\best_runs\run_20260313_70-30,2.9517306325932546,5.75703862518282,10.285714285714286,1046919.2448196441,4.691924481964405,False,output\cross_asset_scan_v1\tf\asset05\best_runs\run_20260313_30-oos,-1.0,-1.0,1.6666666666666667,988958.6755657633,-1.1041324434236777,False,output\cross_asset_scan_v1\tf\asset05\best_runs\run_20260313_100-full,1.9006043845441918,5.887850286568465,9.3,1041321.6118839931,4.132161188399319,False,3.9517306325932546,DATA\PART2,output\cross_asset_scan_v1\tf\asset05\part2_validation\run_20260314_100-full,1.370318306202769,1.6134876387080117,57.35735735735736,1092404.9264807398,9.240492648073984,False
cross_asset_scan_v1,tf,06,asset06,series_6,robust,true_pd_ratio,configs\grids\single_strat\tf\refined\refined_v1.json,output\cross_asset_scan_v1\tf\asset06\grid_search\best_params.json,output\cross_asset_scan_v1\tf\asset06\grid_search\robust_selection\robust_ranking.csv,output\cross_asset_scan_v1\tf\asset06\grid_search,output\cross_asset_scan_v1\tf\asset06\best_runs,output\cross_asset_scan_v1\tf\asset06\best_runs\run_20260313_70-30,0.698498291732632,1.0284746072780329,42.20314735336195,1044390.4381654768,4.439043816547672,False,output\cross_asset_scan_v1\tf\asset06\best_runs\run_20260313_30-oos,0.2158497465304697,0.5280110617478622,18.729096989966557,1005876.544316951,0.587654431695106,False,output\cross_asset_scan_v1\tf\asset06\best_runs\run_20260313_100-full,1.9492297999849189,2.8969417455082076,58.55855855855856,1130527.7779525656,13.052777795256553,False,0.48264854520216227,DATA\PART2,output\cross_asset_scan_v1\tf\asset06\part2_validation\run_20260314_100-full,-0.5368186670854903,0.00729166666666543,67.62917933130699,433499.4486691952,-56.65005513308048,True
cross_asset_scan_v1,tf,07,asset07,series_7,robust,true_pd_ratio,configs\grids\single_strat\tf\refined\refined_v1.json,output\cross_asset_scan_v1\tf\asset07\grid_search\best_params.json,output\cross_asset_scan_v1\tf\asset07\grid_search\robust_selection\robust_ranking.csv,output\cross_asset_scan_v1\tf\asset07\grid_search,output\cross_asset_scan_v1\tf\asset07\best_runs,output\cross_asset_scan_v1\tf\asset07\best_runs\run_20260313_70-30,0.9981954806760153,3.1454335196438667,9.142857142857142,1004748.0778615125,0.4748077861512545,False,output\cross_asset_scan_v1\tf\asset07\best_runs\run_20260313_30-oos,-0.015222858725333438,1.6430578300859175,16.333333333333332,999914.9921817188,-0.008500781828113535,False,output\cross_asset_scan_v1\tf\asset07\best_runs\run_20260313_100-full,0.7492985514063094,3.9006287470185703,11.3,1004659.9771067274,0.46599771067274975,False,1.0134183394013487,DATA\PART2,output\cross_asset_scan_v1\tf\asset07\part2_validation\run_20260314_100-full,1.47768372398933,1.6809203974732945,72.67267267267268,1560302.8592401743,56.03028592401742,False
cross_asset_scan_v1,tf,08,asset08,series_8,robust,true_pd_ratio,configs\grids\single_strat\tf\refined\refined_v1.json,output\cross_asset_scan_v1\tf\asset08\grid_search\best_params.json,output\cross_asset_scan_v1\tf\asset08\grid_search\robust_selection\robust_ranking.csv,output\cross_asset_scan_v1\tf\asset08\grid_search,output\cross_asset_scan_v1\tf\asset08\best_runs,output\cross_asset_scan_v1\tf\asset08\best_runs\run_20260313_70-30,1.1939088977686663,1.690974534643291,50.92989985693848,1528907.6721972954,52.89076721972954,False,output\cross_asset_scan_v1\tf\asset08\best_runs\run_20260313_30-oos,-0.1985054000470041,0.9351571367140048,9.0,998350.7969312991,-0.16492030687008663,False,output\cross_asset_scan_v1\tf\asset08\best_runs\run_20260313_100-full,0.2727003919937412,0.5575479956260302,65.46546546546547,1275116.4138177503,27.51164138177502,False,1.3924142978156704,DATA\PART2,output\cross_asset_scan_v1\tf\asset08\part2_validation\run_20260314_100-full,0.10256276992335617,0.29424812951493434,71.07107107107107,1154384.4965820983,15.43844965820984,False
cross_asset_scan_v1,tf,09,asset09,series_9,robust,true_pd_ratio,configs\grids\single_strat\tf\refined\refined_v1.json,output\cross_asset_scan_v1\tf\asset09\grid_search\best_params.json,output\cross_asset_scan_v1\tf\asset09\grid_search\robust_selection\robust_ranking.csv,output\cross_asset_scan_v1\tf\asset09\grid_search,output\cross_asset_scan_v1\tf\asset09\best_runs,output\cross_asset_scan_v1\tf\asset09\best_runs\run_20260313_70-30,1.7669241600559316,2.291877783751315,48.21173104434907,1991647.495241752,99.16474952417519,False,output\cross_asset_scan_v1\tf\asset09\best_runs\run_20260313_30-oos,-0.20167070241367357,0.0818600443243785,6.354515050167224,996649.6267812668,-0.3350373218733216,False,output\cross_asset_scan_v1\tf\asset09\best_runs\run_20260313_100-full,0.5405314774207425,0.6632177752176676,63.46346346346346,1687096.6200417504,68.70966200417503,False,1.968594862469605,DATA\PART2,output\cross_asset_scan_v1\tf\asset09\part2_validation\run_20260314_100-full,-0.2306823174724261,-0.06835483996852082,77.97797797797797,813524.9164351467,-18.647508356485332,False
cross_asset_scan_v1,tf,10,asset10,series_10,robust,true_pd_ratio,configs\grids\single_strat\tf\refined\refined_v1.json,output\cross_asset_scan_v1\tf\asset10\grid_search\best_params.json,output\cross_asset_scan_v1\tf\asset10\grid_search\robust_selection\robust_ranking.csv,output\cross_asset_scan_v1\tf\asset10\grid_search,output\cross_asset_scan_v1\tf\asset10\best_runs,output\cross_asset_scan_v1\tf\asset10\best_runs\run_20260314_70-30,1.9800958172254648,2.3299319727891157,76.5379113018598,1020171.7311140301,2.0171731114030145,False,output\cross_asset_scan_v1\tf\asset10\best_runs\run_20260314_30-oos,-0.5419665682844658,0.05731995127645536,32.10702341137124,976494.211739239,-2.3505788260760996,False,output\cross_asset_scan_v1\tf\asset10\best_runs\run_20260314_100-full,1.8223103500974236,2.2210884353741496,83.08308308308308,1018564.33111403,1.8564331114029997,False,2.5220623855099307,DATA\PART2,output\cross_asset_scan_v1\tf\asset10\part2_validation\run_20260314_100-full,-0.8865634876984427,-0.8468209984622646,57.90816326530612,-197108.29884079844,-119.71082988407984,True
